review_id,order_id,review_score,review_comment_title,review_comment_message,review_creation_date,review_answer_timestamp
rev_0000005,ord_0000005,2,First order significant,Democrat learn performance together hard bag. Factor second any yes white.,2025-01-23 04:18:58,2025-01-24 00:18:58
rev_0000006,ord_0000006,3,Bring,Skill half two organization one network partner.,2025-08-20 07:48:19,2025-08-21 00:48:19
rev_0000007,ord_0000007,3,Discuss dinner those,Power few artist tax measure seem I. Current senior trial scientist either difficult somebody later.,2025-05-21 19:37:43,2025-05-22 10:37:43
rev_0000009,ord_0000009,4,Wonder gas,Success with catch former.,2025-08-02 02:06:06,2025-08-02 04:06:06
rev_0000010,ord_0000010,4,Tend to ahead mission,At thing figure yard. Away chance play decide threat.,2026-01-07 23:26:43,2026-01-08 18:26:43
rev_0000019,ord_0000019,4,Among act,Should general through data. Budget make leave admit.,2025-01-26 02:13:20,2025-01-26 16:13:20
rev_0000021,ord_0000021,4,Also hospital,Later lay whether wrong wide guy.,2025-11-08 08:13:52,2025-11-08 13:13:52
rev_0000022,ord_0000022,1,Art by,Election whole as himself few couple action. Really military figure forward peace.,2025-01-11 01:09:22,2025-01-11 15:09:22
rev_0000024,ord_0000024,4,Way wife bit,Whose response part issue professional less.,2025-10-15 00:41:11,2025-10-15 12:41:11
rev_0000027,ord_0000027,3,Tell develop,Role alone them throughout listen ground fund.,2025-04-14 00:25:02,2025-04-14 22:25:02
rev_0000028,ord_0000028,4,Teach few,Resource hear skin forward another. Four investment half off mention relate because.,2025-02-19 13:06:48,2025-02-20 12:06:48
rev_0000031,ord_0000031,1,Yard name,Coach main give treatment son house follow.,2025-01-14 20:23:30,2025-01-15 10:23:30
rev_0000034,ord_0000034,2,Each new bring,Own majority everybody citizen quality camera write.,2025-12-03 09:50:49,2025-12-04 07:50:49
rev_0000040,ord_0000040,2,Month relationship model,Left wife attorney my. Memory detail answer end.,2025-10-10 10:57:24,2025-10-10 20:57:24
rev_0000041,ord_0000041,4,War above service,Become thank her movement fire. Six candidate role organization.,2025-06-15 20:51:27,2025-06-16 16:51:27
rev_0000042,ord_0000042,5,Happen light,None public security kid three resource. Front environment majority artist plan.,2025-12-11 12:32:26,2025-12-11 17:32:26
rev_0000043,ord_0000043,4,Expect tell,Happy authority stage drug action.,2025-11-06 10:22:55,2025-11-06 17:22:55
rev_0000045,ord_0000045,4,Age raise with last,Pm everyone well simple consumer possible these summer.,2025-06-09 23:35:16,2025-06-10 03:35:16
rev_0000046,ord_0000046,2,Bill draw school,Computer view still. Mother win new today.,2025-11-15 00:03:43,2025-11-15 08:03:43
rev_0000047,ord_0000047,2,Reduce here whose important,Fine natural technology near rather rich.,2025-10-23 14:22:15,2025-10-23 16:22:15
rev_0000050,ord_0000050,2,Record start,Anything success talk. Cell long grow know.,2025-01-10 09:11:50,2025-01-11 04:11:50
rev_0000055,ord_0000055,1,President artist tax either,Power probably full.,2025-07-22 14:35:30,2025-07-22 17:35:30
rev_0000057,ord_0000057,4,Two paper any,Important fact thus nation.,2025-12-14 15:13:02,2025-12-15 04:13:02
rev_0000059,ord_0000059,2,Exist character,Term upon wait gun.,2025-04-06 12:55:46,2025-04-06 22:55:46
rev_0000061,ord_0000061,1,Follow future money,Yeah black suddenly analysis beat another. Professional mean group.,2025-04-07 17:38:52,2025-04-08 17:38:52
rev_0000062,ord_0000062,3,Recognize market exactly little,Research try crime network wear probably mention. Movement we argue include.,2025-08-28 07:11:12,2025-08-29 02:11:12
rev_0000063,ord_0000063,5,Chance,Where TV seat past.,2025-02-13 19:58:12,2025-02-14 15:58:12
rev_0000065,ord_0000065,4,Want degree,Certainly class suggest information kitchen civil. Company mention blood truth program.,2025-01-23 15:01:30,2025-01-24 10:01:30
rev_0000079,ord_0000079,4,This professional range,Wear fine career push.,2025-03-27 09:22:29,2025-03-27 23:22:29
rev_0000080,ord_0000080,5,Old image,Surface information new reveal personal mind. Whole loss tend song kind.,2025-03-22 12:06:44,2025-03-23 07:06:44
rev_0000081,ord_0000081,1,Appear again,Interest enter its measure Mr read cold wrong.,2025-12-03 13:41:51,2025-12-04 09:41:51
rev_0000082,ord_0000082,4,Management commercial,Own later line about six ahead.,2025-09-03 21:21:52,2025-09-04 09:21:52
rev_0000083,ord_0000083,5,Green begin bad,Sister across baby film suddenly at benefit. Heart place section pass.,2025-12-27 00:43:07,2025-12-27 11:43:07
rev_0000090,ord_0000090,3,Manager claim,Operation trip company now turn. Receive free start specific.,2025-09-15 10:23:24,2025-09-16 08:23:24
rev_0000092,ord_0000092,2,Maintain visit democratic audience,Community base over sense.,2025-05-10 02:45:17,2025-05-10 15:45:17
rev_0000096,ord_0000096,5,Business speak low,Discussion by prove value truth. Ability of whether paper front between cup.,2025-12-05 23:41:38,2025-12-06 20:41:38
rev_0000098,ord_0000098,2,Quickly letter,Perhaps upon manage. Score investment doctor experience college job.,2025-04-12 15:11:58,2025-04-12 21:11:58
rev_0000099,ord_0000099,1,Sell civil quickly,Require activity else contain property blood. Staff democratic him office but realize.,2025-12-24 02:37:20,2025-12-24 21:37:20
rev_0000102,ord_0000102,2,Need simply pattern,Help nature PM company. Billion today before.,2025-10-08 05:27:20,2025-10-08 14:27:20
rev_0000113,ord_0000113,4,Available project staff,Value three yourself natural.,2025-09-18 05:14:32,2025-09-19 05:14:32
rev_0000114,ord_0000114,3,This ok else,Trial might candidate safe let.,2025-01-27 20:39:58,2025-01-28 02:39:58
rev_0000116,ord_0000116,2,Organization everything herself,Television ahead rather receive fine another information.,2025-08-27 05:29:40,2025-08-27 23:29:40
rev_0000117,ord_0000117,5,Purpose source,Rise article school huge sign. Between simple country account free campaign when.,2025-12-02 11:35:23,2025-12-03 05:35:23
rev_0000121,ord_0000121,2,Within contain,Staff feel second true serve. On situation military administration tell customer already.,2025-09-21 01:31:44,2025-09-22 01:31:44
rev_0000125,ord_0000125,4,Fill throw,Three example car wall.,2025-04-02 21:44:27,2025-04-03 14:44:27
rev_0000129,ord_0000129,4,Former ago,When support street individual raise reason. Hot per character seven view contain I herself.,2025-06-12 01:43:43,2025-06-12 15:43:43
rev_0000132,ord_0000132,3,Business chance,Player way since yeah view.,2025-12-02 16:10:18,2025-12-02 20:10:18
rev_0000133,ord_0000133,1,Trip seem part,Something world operation eye walk factor.,2025-09-24 20:46:37,2025-09-25 08:46:37
rev_0000139,ord_0000139,5,Nor across stock,Put project mother goal themselves could once. With finish show when window enough next produce.,2025-02-02 10:32:30,2025-02-03 00:32:30
rev_0000142,ord_0000142,5,Marriage line allow,Like section authority couple book price. Shoulder nice many through two long.,2025-05-26 17:31:45,2025-05-27 15:31:45
rev_0000144,ord_0000144,3,Conference,Major say upon number.,2025-09-19 23:54:39,2025-09-20 05:54:39
rev_0000148,ord_0000148,3,Scene including whatever,Message culture study either production figure develop. Table power sit available join federal anything sell.,2026-01-08 12:30:24,2026-01-09 06:30:24
rev_0000149,ord_0000149,1,Adult own game finally,Represent sure Democrat usually weight state article.,2025-07-28 20:36:53,2025-07-29 04:36:53
rev_0000152,ord_0000152,5,Chance whatever,Detail everything level from.,2025-09-04 12:42:37,2025-09-05 01:42:37
rev_0000153,ord_0000153,3,Nation memory time,With region call officer guess positive.,2025-09-18 09:18:14,2025-09-18 22:18:14
rev_0000154,ord_0000154,4,Avoid,Increase technology strategy.,2025-11-20 17:48:58,2025-11-21 17:48:58
rev_0000156,ord_0000156,5,South civil,Fill worker threat school face else build. At situation there peace suggest building also.,2025-04-18 03:16:15,2025-04-18 23:16:15
rev_0000157,ord_0000157,4,Hour,Sound family foreign product society.,2025-03-22 01:20:28,2025-03-22 07:20:28
rev_0000161,ord_0000161,4,My hear card,Color environment look various pass. Positive alone wind place collection.,2025-09-03 01:25:20,2025-09-03 08:25:20
rev_0000163,ord_0000163,4,Race big build,Happen yourself myself wish listen.,2025-03-06 17:08:43,2025-03-07 12:08:43
rev_0000165,ord_0000165,4,Process generation,While less dog bill group eat seven north. Cold another argue month.,2025-05-15 23:13:30,2025-05-16 03:13:30
rev_0000169,ord_0000169,3,Not election,More a other Mr art. Court there else.,2025-04-13 17:31:12,2025-04-13 21:31:12
rev_0000170,ord_0000170,1,Friend tell,Listen fill look second report game song. Yet before guy list parent system character every.,2025-04-17 23:37:56,2025-04-18 16:37:56
rev_0000172,ord_0000172,4,Could fear,Group show short feel force meet.,2025-07-12 02:33:08,2025-07-12 04:33:08
rev_0000175,ord_0000175,4,Art such modern,Actually job scene account scientist point.,2025-05-09 12:43:58,2025-05-09 16:43:58
rev_0000180,ord_0000180,2,Live serve hold,Require oil assume agent manage can treatment. Goal weight side source box.,2025-09-30 10:52:02,2025-09-30 18:52:02
rev_0000182,ord_0000182,4,Modern the although,Along same list wide exist. The fear very movement politics nor.,2025-08-08 03:43:38,2025-08-08 07:43:38
rev_0000184,ord_0000184,5,Maintain both,Indeed condition view itself general put lead. Option wind tree always experience degree kind.,2025-02-18 08:36:00,2025-02-19 05:36:00
rev_0000186,ord_0000186,3,Finish defense,Career less fight. Help join bank entire nature.,2025-04-12 14:38:22,2025-04-13 11:38:22
rev_0000188,ord_0000188,1,Administration form success,Family two worry worker accept down politics. Idea hospital now recognize adult.,2025-06-30 17:44:21,2025-07-01 05:44:21
rev_0000191,ord_0000191,4,Join line laugh head,Management statement employee bit.,2025-05-02 15:52:05,2025-05-02 18:52:05
rev_0000192,ord_0000192,3,Social after,Sister enjoy perform plan between. Understand change health total sort so.,2025-07-29 15:46:25,2025-07-30 05:46:25
rev_0000193,ord_0000193,3,To trade,Lose agreement him people case style never. Anything hard court bag others.,2025-02-11 01:55:37,2025-02-11 10:55:37
rev_0000194,ord_0000194,5,Would mean,Any area north result federal. Happy heavy sort.,2025-02-04 20:25:13,2025-02-05 19:25:13
rev_0000195,ord_0000195,4,Wall trade training attorney,Woman role become realize sometimes upon kid.,2025-03-06 15:37:36,2025-03-07 07:37:36
rev_0000206,ord_0000206,1,Language full particularly,Finally a base. Professor even run only chance clear cost.,2025-09-23 17:20:01,2025-09-23 20:20:01
rev_0000209,ord_0000209,4,Citizen least image you,Star door message again.,2025-06-29 17:51:20,2025-06-29 21:51:20
rev_0000210,ord_0000210,5,Certain anyone tree,Score open every better. Tend have perhaps adult.,2025-07-19 10:28:07,2025-07-19 14:28:07
rev_0000211,ord_0000211,4,Similar,Push adult try per machine worry before. Sound around relate center energy.,2025-10-07 07:32:36,2025-10-07 18:32:36
rev_0000212,ord_0000212,3,Walk,Although increase use teacher should natural.,2025-10-19 15:19:02,2025-10-19 17:19:02
rev_0000215,ord_0000215,5,Significant,Serious cell must mother.,2025-09-28 01:01:14,2025-09-29 01:01:14
rev_0000216,ord_0000216,3,Financial recognize rate,Population hotel pick purpose have stop get service. Pull time former.,2025-08-30 16:57:15,2025-08-31 01:57:15
rev_0000220,ord_0000220,2,Modern media,Serve service fall occur play not risk. Threat network visit.,2025-08-14 11:15:49,2025-08-14 23:15:49
rev_0000223,ord_0000223,4,Analysis rise,Beyond night base blue hotel discuss ask.,2025-07-04 10:31:26,2025-07-04 12:31:26
rev_0000225,ord_0000225,4,Benefit help,Run school lawyer describe population.,2025-02-20 16:35:07,2025-02-20 22:35:07
rev_0000227,ord_0000227,2,Case behavior remember,Fast protect set author as.,2025-01-25 14:17:02,2025-01-26 09:17:02
rev_0000228,ord_0000228,4,Buy peace finally,Family very benefit role impact billion.,2026-01-01 10:39:12,2026-01-02 03:39:12
rev_0000229,ord_0000229,1,Power ok show,Economy various beyond piece coach. Pull sound political sign its hit reality.,2025-02-01 10:19:52,2025-02-01 21:19:52
rev_0000232,ord_0000232,1,Enough camera until,Customer night community though task agreement.,2025-08-12 14:04:32,2025-08-12 16:04:32
rev_0000239,ord_0000239,1,Whole worry,Energy born garden begin season account soon.,2025-10-17 00:08:47,2025-10-17 20:08:47
rev_0000240,ord_0000240,4,Science,Hot inside partner and place sit animal picture. Chance whose research paper western talk.,2025-09-03 02:07:19,2025-09-03 05:07:19
rev_0000244,ord_0000244,5,Ten,Another operation quality fight marriage call popular. Police maintain behavior.,2025-10-26 11:26:14,2025-10-26 22:26:14
rev_0000246,ord_0000246,5,Project any least,Citizen smile possible knowledge.,2025-04-24 00:16:19,2025-04-24 23:16:19
rev_0000249,ord_0000249,1,Model participant address,Push help city quality could artist other budget. Dog board health Congress water coach describe.,2025-10-06 04:25:42,2025-10-06 14:25:42
rev_0000251,ord_0000251,4,End movement,Material appear walk interesting western day buy hear. Population early nature should person decade take.,2025-02-06 09:35:25,2025-02-07 00:35:25
rev_0000254,ord_0000254,5,Perhaps soon wait,Should leave part development.,2025-03-21 04:16:42,2025-03-21 07:16:42
rev_0000256,ord_0000256,5,Senior five,Skill resource world market environmental according low choice.,2025-11-10 00:14:41,2025-11-10 03:14:41
rev_0000257,ord_0000257,3,Deep including,Radio wide sell difference now current until.,2025-03-01 23:43:07,2025-03-02 08:43:07
rev_0000261,ord_0000261,2,Rather writer response,Born decision him feeling degree bit. Sound build suddenly memory card.,2025-03-05 15:06:31,2025-03-06 02:06:31
rev_0000262,ord_0000262,2,Some should several visit,Find style think spring red arrive.,2025-06-17 15:27:02,2025-06-17 18:27:02
rev_0000263,ord_0000263,5,Television traditional arm,Employee adult hand ahead. Manager both wife energy strong no his charge.,2025-09-14 11:23:19,2025-09-15 03:23:19
rev_0000267,ord_0000267,1,Sport consumer choice,Wish face on bar. Phone ahead several notice key line since.,2025-02-23 05:30:48,2025-02-23 14:30:48
rev_0000268,ord_0000268,4,Everybody which,People involve word get above necessary gas.,2025-06-15 23:11:10,2025-06-16 02:11:10
rev_0000270,ord_0000270,1,Statement serious effort,Third nice safe entire here indicate.,2025-04-07 21:40:22,2025-04-08 19:40:22
rev_0000271,ord_0000271,4,Defense another garden,Security find institution skin base.,2025-06-06 13:19:05,2025-06-06 16:19:05
rev_0000272,ord_0000272,1,Drop more,Pay inside hotel range assume mother. Strong analysis according trial.,2025-06-05 18:14:57,2025-06-06 18:14:57
rev_0000273,ord_0000273,1,Between look hundred,Very art throughout physical character travel.,2025-10-28 13:45:08,2025-10-29 08:45:08
rev_0000274,ord_0000274,2,Girl painting property,Stage positive on style.,2025-07-02 14:08:37,2025-07-02 16:08:37
rev_0000275,ord_0000275,2,Forget majority,Food about paper. Political accept report choice because.,2025-06-20 19:56:10,2025-06-21 07:56:10
rev_0000278,ord_0000278,4,Know case,Time lead talk natural exist left.,2025-03-06 11:48:24,2025-03-06 22:48:24
rev_0000280,ord_0000280,5,Appear property hundred throughout,Assume instead radio man bag.,2025-09-01 05:49:48,2025-09-02 04:49:48
rev_0000281,ord_0000281,5,Wonder ok,Admit last within open customer policy. Continue plant key enjoy experience natural.,2025-06-12 09:53:32,2025-06-13 00:53:32
rev_0000282,ord_0000282,2,Black mouth,Especially crime everything someone human. I score pass entire.,2025-12-20 03:19:20,2025-12-20 23:19:20
rev_0000285,ord_0000285,2,Question,Issue shake wonder employee standard.,2025-09-21 23:28:42,2025-09-22 16:28:42
rev_0000287,ord_0000287,5,Away rate,Season according watch treatment health bar.,2026-01-04 15:06:25,2026-01-04 21:06:25
rev_0000298,ord_0000298,2,Write receive tree woman,Stuff guess action final for wish yard different. Usually kid just no approach daughter trouble.,2025-02-15 20:16:22,2025-02-16 13:16:22
rev_0000299,ord_0000299,5,Win,Modern we bit reason old factor military.,2025-11-04 02:12:40,2025-11-04 04:12:40
rev_0000300,ord_0000300,1,Thousand direction,Full forget event week that under.,2025-10-23 12:57:44,2025-10-24 05:57:44
rev_0000302,ord_0000302,3,Manager reach,Line follow food everybody remain real. Door these rate book newspaper.,2025-01-19 18:43:31,2025-01-19 21:43:31
rev_0000305,ord_0000305,4,Bad reflect sense,Writer probably time establish cause. Catch between need big thousand that behind.,2025-01-14 16:56:44,2025-01-15 10:56:44
rev_0000307,ord_0000307,1,Beautiful two interest,Dream new health middle contain.,2025-04-29 14:58:52,2025-04-29 18:58:52
rev_0000308,ord_0000308,1,Speak sister,Live nothing actually other service.,2025-11-21 21:48:12,2025-11-22 04:48:12
rev_0000311,ord_0000311,4,Heavy through year,Include woman pressure peace raise. Very much pattern management.,2025-10-02 19:18:06,2025-10-03 17:18:06
rev_0000312,ord_0000312,4,Or behavior report,Design firm ball hear according almost. Authority child family arrive deal newspaper fill.,2025-03-26 11:06:16,2025-03-27 00:06:16
rev_0000317,ord_0000317,4,Evening test,Fund public government attorney move risk. Parent quite program above none little itself customer.,2025-12-29 08:45:56,2025-12-29 11:45:56
rev_0000318,ord_0000318,1,I agreement bank,Coach else talk past imagine factor position. Kind rich animal whole certainly fall.,2025-12-11 12:05:56,2025-12-11 15:05:56
rev_0000319,ord_0000319,4,Here throughout keep,Republican fight peace film reflect management.,2025-09-12 04:04:32,2025-09-12 20:04:32
rev_0000323,ord_0000323,4,Kitchen left get,Size throw even expect light question response.,2025-03-25 21:27:07,2025-03-26 03:27:07
rev_0000340,ord_0000340,5,Site series son learn,Real third way impact leg. Factor fear relate exactly like.,2025-09-20 17:36:29,2025-09-21 10:36:29
rev_0000341,ord_0000341,5,Issue hotel,Course history our smile difference just. Sense off although.,2025-03-03 08:56:06,2025-03-03 19:56:06
rev_0000349,ord_0000349,1,Painting democratic small,Suddenly with run service. Allow lot nice up mission once company.,2025-03-11 22:24:03,2025-03-12 06:24:03
rev_0000352,ord_0000352,3,Focus actually maintain,Smile enter maintain class job. Still man receive care drop long career.,2025-06-27 21:30:56,2025-06-28 08:30:56
rev_0000365,ord_0000365,4,Likely,Whose hit environmental quickly wrong. Remember baby activity hard.,2025-11-11 04:44:15,2025-11-11 12:44:15
rev_0000367,ord_0000367,4,Provide chair too identify,Sport range enjoy age teach. Career early serious actually control home.,2025-04-16 07:39:26,2025-04-16 21:39:26
rev_0000380,ord_0000380,5,Give general,Account expect care model. Reduce show character certain shake turn option.,2025-05-05 17:08:14,2025-05-06 14:08:14
rev_0000382,ord_0000382,2,Issue prepare,Threat majority prove fine base. Result music design indicate nature building.,2025-01-27 16:00:00,2025-01-27 18:00:00
rev_0000384,ord_0000384,3,Information opportunity paper,Training our paper.,2025-07-22 15:16:23,2025-07-23 03:16:23
rev_0000385,ord_0000385,4,Arrive policy apply,Process rise cup ability month friend. Day rich outside draw alone.,2025-05-30 05:50:40,2025-05-31 02:50:40
rev_0000386,ord_0000386,5,Room book vote,Time write truth.,2025-06-16 15:18:22,2025-06-17 08:18:22
rev_0000387,ord_0000387,2,Short line radio,Song on also bill. Foreign arrive consumer theory walk anyone Mrs seven.,2025-10-31 09:31:34,2025-11-01 05:31:34
rev_0000392,ord_0000392,1,Rather pick religious,Half care baby tough.,2025-04-10 23:22:04,2025-04-11 17:22:04
rev_0000396,ord_0000396,1,Mind president young,Campaign success her.,2025-08-23 19:05:20,2025-08-24 13:05:20
rev_0000398,ord_0000398,5,Smile thought,Civil program thousand program back interview toward. Operation people cell company gas.,2025-10-08 02:25:57,2025-10-08 10:25:57
rev_0000401,ord_0000401,1,Simply finish sell,Television also finally table catch.,2025-08-17 17:20:22,2025-08-18 17:20:22
rev_0000403,ord_0000403,4,Opportunity,Wear time way task main major sport sign. Accept law citizen can out ground reality.,2025-05-30 05:16:17,2025-05-31 05:16:17
rev_0000404,ord_0000404,3,Property they,Ability find key adult idea person. War finally article group one market message.,2025-07-09 09:16:14,2025-07-10 02:16:14
rev_0000407,ord_0000407,5,Particular brother,Level turn attention represent doctor by cell.,2025-08-14 19:52:42,2025-08-15 12:52:42
rev_0000409,ord_0000409,5,Consider nature,Simple data air. Someone especially which indicate very break medical.,2025-04-17 04:28:20,2025-04-17 06:28:20
rev_0000411,ord_0000411,4,Capital professional,According mother it billion government sport. Use easy in least lose fine recent.,2025-06-06 18:58:53,2025-06-07 18:58:53
rev_0000419,ord_0000419,4,Speak cover turn better,Including individual suggest husband education learn. Interest significant fact than any.,2025-08-26 06:27:53,2025-08-26 08:27:53
rev_0000420,ord_0000420,3,People ten one,Marriage song floor grow line.,2025-12-03 23:38:17,2025-12-04 11:38:17
rev_0000421,ord_0000421,2,Field health,Animal have possible alone doctor region factor year. Design white measure.,2025-06-26 20:31:08,2025-06-27 12:31:08
rev_0000425,ord_0000425,5,Focus,Seat shake however recently indicate stay every.,2025-01-14 01:32:26,2025-01-14 16:32:26
rev_0000428,ord_0000428,5,Short few media,Cultural throughout language play for growth. Trip off create item anyone.,2025-10-03 17:06:10,2025-10-04 10:06:10
rev_0000429,ord_0000429,5,Compare story,Few quality prevent break level rich.,2025-02-15 15:07:00,2025-02-15 23:07:00
rev_0000431,ord_0000431,1,Argue church chance,Half life in here early task area. Raise cell wind wear.,2025-07-10 15:26:26,2025-07-11 03:26:26
rev_0000434,ord_0000434,4,Thing west,Air conference speech explain. Everybody civil company dinner.,2025-11-18 16:38:03,2025-11-19 15:38:03
rev_0000439,ord_0000439,5,Job safe,Eight dog maybe want page under human.,2025-08-26 04:58:20,2025-08-26 15:58:20
rev_0000442,ord_0000442,4,Strong read business,Base education administration leg table like million seek. Night if team past.,2025-06-07 03:54:50,2025-06-07 07:54:50
rev_0000444,ord_0000444,1,That almost,He either particularly despite benefit fill. There the nor system instead fine.,2025-07-12 08:40:57,2025-07-12 14:40:57
rev_0000446,ord_0000446,2,Off concern entire,Plan might town ask wall.,2025-05-17 10:54:59,2025-05-18 00:54:59
rev_0000451,ord_0000451,1,Government evidence,Professor order learn friend ground final idea.,2025-07-24 14:21:39,2025-07-24 17:21:39
rev_0000452,ord_0000452,5,Operation heart industry,Network heart leg leave lay cost. Throughout reduce game difference effort break soldier music.,2025-01-22 06:52:06,2025-01-23 01:52:06
rev_0000460,ord_0000460,2,Join first,Between glass such best.,2025-04-09 05:18:16,2025-04-09 11:18:16
rev_0000463,ord_0000463,5,It reach less,Card network season car.,2025-02-19 00:12:46,2025-02-19 13:12:46
rev_0000464,ord_0000464,5,Human eight,Trip cultural reason candidate appear fear probably.,2025-09-04 02:12:27,2025-09-04 20:12:27
rev_0000467,ord_0000467,1,Near,Company maybe turn program energy magazine economy step.,2025-05-24 10:44:30,2025-05-25 09:44:30
rev_0000469,ord_0000469,5,Newspaper different east pass,Direction knowledge article drop.,2025-10-30 02:04:46,2025-10-30 12:04:46
rev_0000473,ord_0000473,2,Three occur,Crime nothing bad force even.,2025-12-27 21:01:56,2025-12-28 17:01:56
rev_0000477,ord_0000477,2,Radio character build,Party support chance ready serve response military. Reveal allow summer room.,2025-03-20 20:42:28,2025-03-21 14:42:28
rev_0000480,ord_0000480,2,Structure employee decide,Person marriage possible money.,2025-02-09 09:29:37,2025-02-09 19:29:37
rev_0000483,ord_0000483,5,Positive perform together,Draw after base.,2025-06-11 07:36:43,2025-06-12 02:36:43
rev_0000487,ord_0000487,2,Card visit town,Election author interview subject general.,2025-05-24 18:35:03,2025-05-25 17:35:03
rev_0000488,ord_0000488,1,Economic back,Attorney pull store mention which born although. Start seem perform similar million pressure the.,2025-09-07 16:59:08,2025-09-08 14:59:08
rev_0000494,ord_0000494,3,Degree condition,Spend still effect court themselves special pressure.,2025-03-05 01:55:58,2025-03-06 01:55:58
rev_0000495,ord_0000495,4,Skill could those,Son should son easy letter family ok. You goal might up.,2025-07-12 15:23:13,2025-07-13 15:23:13
rev_0000496,ord_0000496,2,Reveal morning sing,Dream near control safe conference.,2025-06-20 13:18:34,2025-06-21 11:18:34
rev_0000510,ord_0000510,1,Training medical worry including,Line benefit life during.,2025-04-25 09:54:57,2025-04-25 16:54:57
rev_0000513,ord_0000513,2,Medical some,Management will level long. Democratic add radio first group.,2025-10-23 14:58:52,2025-10-24 07:58:52
rev_0000514,ord_0000514,2,East figure near,Long common husband born discover hospital. Cut yes cost knowledge.,2025-07-02 02:12:16,2025-07-02 23:12:16
rev_0000516,ord_0000516,1,Own treatment,Necessary difficult approach him play live knowledge new. Party place one player.,2025-10-24 22:36:04,2025-10-25 20:36:04
rev_0000519,ord_0000519,4,Middle performance,Camera bar worker air new her. Prevent admit political simple hair other.,2026-01-06 21:11:55,2026-01-07 05:11:55
rev_0000523,ord_0000523,4,May sing none,Section bed eat true detail the language. Congress health occur teach either herself.,2025-02-04 15:17:08,2025-02-05 12:17:08
rev_0000526,ord_0000526,2,Director phone,Minute left apply race.,2025-10-03 21:43:22,2025-10-04 01:43:22
rev_0000528,ord_0000528,3,Radio wish,Put control federal politics information law.,2025-03-03 09:36:03,2025-03-03 19:36:03
rev_0000536,ord_0000536,5,Happen arm once,Economy consumer best author enter evidence memory.,2025-09-26 10:02:11,2025-09-26 19:02:11
rev_0000537,ord_0000537,2,Bar as consumer,Main feel land open offer. Hold owner religious.,2025-06-06 18:51:35,2025-06-06 23:51:35
rev_0000538,ord_0000538,4,Staff exactly,Show bar drug bit. Recently compare across nothing store expert.,2025-01-13 12:35:38,2025-01-14 06:35:38
rev_0000542,ord_0000542,1,Seat out center,Clearly again treatment pass benefit.,2025-09-04 14:33:47,2025-09-04 16:33:47
rev_0000550,ord_0000550,4,Describe I,Tree paper language popular. This figure tell consumer modern just.,2025-11-06 01:05:03,2025-11-06 12:05:03
rev_0000554,ord_0000554,5,Main work remain,Interesting official represent foreign audience point car number.,2025-10-27 10:07:02,2025-10-28 06:07:02
rev_0000555,ord_0000555,2,Always federal soldier,Treat management attention too yes.,2025-07-23 09:11:44,2025-07-23 15:11:44
rev_0000556,ord_0000556,1,When economy grow,Every build evening author his stop.,2025-09-09 00:20:58,2025-09-09 09:20:58
rev_0000560,ord_0000560,2,Positive company door,Scientist thought lawyer.,2025-07-08 19:09:37,2025-07-09 01:09:37
rev_0000563,ord_0000563,5,Challenge box,List form base team too none cold. Culture window investment prove suffer public look election.,2025-09-25 08:58:54,2025-09-25 11:58:54
rev_0000565,ord_0000565,3,Learn cut fill pay,On sign expect. Send party machine technology might occur.,2025-04-27 02:32:45,2025-04-27 21:32:45
rev_0000571,ord_0000571,4,Few when never,Age relate someone tonight tonight prove of.,2025-06-19 16:59:22,2025-06-20 03:59:22
rev_0000573,ord_0000573,5,List reality huge,Easy source question serve at clear woman resource.,2025-09-28 11:34:04,2025-09-29 03:34:04
rev_0000574,ord_0000574,1,Mind executive,Of better box manage.,2025-12-22 11:23:48,2025-12-22 14:23:48
rev_0000575,ord_0000575,2,Provide clearly be,Grow great he as institution popular.,2025-01-30 00:24:32,2025-01-30 05:24:32
rev_0000576,ord_0000576,4,Yard whom,Everyone military late million consumer. Step country nor experience consider.,2025-02-04 19:51:49,2025-02-05 14:51:49
rev_0000577,ord_0000577,5,Though center,Trial move somebody turn future hold political.,2025-12-10 12:51:46,2025-12-10 21:51:46
rev_0000579,ord_0000579,1,Left kind unit ball,That former instead team describe team.,2025-02-03 05:17:52,2025-02-03 17:17:52
rev_0000583,ord_0000583,5,Indeed walk community,West apply focus later long air.,2025-04-22 10:23:24,2025-04-23 01:23:24
rev_0000585,ord_0000585,5,Fund lot poor,Source money religious exist field positive movement. Green sing that month away question impact anyone.,2025-03-14 18:24:51,2025-03-15 13:24:51
rev_0000588,ord_0000588,1,Girl as executive game,Hot as health month. Space century own situation without.,2026-01-02 07:30:13,2026-01-03 03:30:13
rev_0000589,ord_0000589,4,Support fly art,Rise federal page whatever.,2025-09-22 05:51:12,2025-09-22 17:51:12
rev_0000590,ord_0000590,4,Activity,Top civil edge allow wide economic discussion. Risk north table executive add discussion market.,2025-03-24 19:37:05,2025-03-24 23:37:05
rev_0000591,ord_0000591,4,Onto of,Film huge concern hotel. Page part thus choose teacher never.,2025-08-13 16:59:20,2025-08-14 04:59:20
rev_0000592,ord_0000592,1,Data executive avoid,Key environmental data world fly deep should. Next still wish decade fall serious some.,2025-02-07 16:38:26,2025-02-07 19:38:26
rev_0000594,ord_0000594,1,Trip significant,Country relationship community trouble recognize admit.,2025-02-27 12:52:52,2025-02-28 03:52:52
rev_0000597,ord_0000597,1,These operation agree,Feel human sound arm. Board method reflect sea popular.,2025-03-15 07:46:03,2025-03-15 14:46:03
rev_0000598,ord_0000598,2,Mrs direction environmental,Likely kitchen say meet our million throughout this.,2025-08-28 11:24:48,2025-08-28 16:24:48
rev_0000602,ord_0000602,3,Level subject its,Behind these thank win very enough him. Economy free kid try fast reduce.,2025-09-10 14:27:38,2025-09-11 13:27:38
rev_0000603,ord_0000603,5,Enter course,Everybody reach painting reach.,2025-12-14 23:14:28,2025-12-15 22:14:28
rev_0000605,ord_0000605,1,Commercial step low,Indicate head everything employee value.,2025-04-07 05:03:15,2025-04-07 21:03:15
rev_0000608,ord_0000608,5,Loss hair,Tax wear explain action.,2025-08-03 23:28:01,2025-08-04 10:28:01
rev_0000613,ord_0000613,1,Catch mean amount,Recent begin main no.,2025-03-04 22:13:46,2025-03-05 15:13:46
rev_0000615,ord_0000615,2,Doctor perform,Nor food second radio physical ready. Soldier nor late since.,2025-06-26 00:40:21,2025-06-26 10:40:21
rev_0000622,ord_0000622,5,Resource,Scientist cultural none executive case right. Line design interest should personal.,2025-03-02 11:46:31,2025-03-03 08:46:31
rev_0000624,ord_0000624,4,Civil from feel,Education key right each dream run. Tonight picture financial.,2025-07-22 06:28:25,2025-07-22 23:28:25
rev_0000625,ord_0000625,5,Your last morning,Economy day performance control.,2025-07-07 22:31:32,2025-07-08 14:31:32
rev_0000626,ord_0000626,2,Let avoid white though,Class detail defense great style best. Season serious question order hand.,2025-10-08 23:11:13,2025-10-09 02:11:13
rev_0000628,ord_0000628,5,Ground recent film,Company hot decade police keep.,2025-11-29 01:09:53,2025-11-29 13:09:53
rev_0000630,ord_0000630,4,Miss prevent education,Finish rest like. Surface charge life black or.,2025-11-27 05:48:45,2025-11-27 13:48:45
rev_0000639,ord_0000639,2,Many score necessary,Court large Mrs just send couple bit. Someone reason TV police I must central inside.,2025-07-10 21:25:49,2025-07-11 12:25:49
rev_0000644,ord_0000644,2,Easy hair,Reason animal movement send church yet job.,2025-07-17 20:36:50,2025-07-18 08:36:50
rev_0000647,ord_0000647,4,Where fly moment future,Organization else hit with memory black.,2025-05-28 15:22:45,2025-05-29 06:22:45
rev_0000648,ord_0000648,5,Military economic,Section today happen dog.,2025-05-24 04:17:00,2025-05-24 16:17:00
rev_0000649,ord_0000649,1,Charge green,System pull leader above now process. Produce material rise majority fight group.,2025-10-23 23:40:28,2025-10-24 07:40:28
rev_0000652,ord_0000652,4,Tend,Effect level issue he standard official down.,2025-01-16 02:02:06,2025-01-16 10:02:06
rev_0000654,ord_0000654,3,Them,Century race film wear. Cause hair body all.,2025-05-03 09:40:16,2025-05-03 15:40:16
rev_0000656,ord_0000656,1,Push see,Now five different remember. Toward from there middle recent many.,2025-10-27 18:58:44,2025-10-28 10:58:44
rev_0000657,ord_0000657,5,Sort light,State teach full great order step.,2025-11-23 21:12:05,2025-11-24 19:12:05
rev_0000658,ord_0000658,4,Let half society,Practice together return draw camera business event. Only summer professor generation space indicate religious.,2025-09-02 08:53:31,2025-09-02 21:53:31
rev_0000659,ord_0000659,1,Low its stay,Few decade group instead moment read. Story door case.,2025-12-11 16:19:50,2025-12-11 23:19:50
rev_0000665,ord_0000665,4,Arm newspaper stock,Present away safe I economy particular.,2025-08-21 12:49:03,2025-08-22 06:49:03
rev_0000670,ord_0000670,2,Compare local opportunity,Manage modern financial many common. Position year building purpose my pattern cell.,2025-04-13 19:00:28,2025-04-14 11:00:28
rev_0000675,ord_0000675,1,Top chair,Listen garden west central you election line.,2025-07-27 14:53:53,2025-07-28 04:53:53
rev_0000676,ord_0000676,5,Tell my around type,Politics example subject grow happy.,2025-06-17 19:00:41,2025-06-18 03:00:41
rev_0000678,ord_0000678,1,Moment candidate voice,Western another majority also occur. Source receive little key during administration.,2025-12-24 23:26:38,2025-12-25 05:26:38
rev_0000682,ord_0000682,1,Use however design,My two whom father according. Certain explain section action us why state.,2025-01-12 08:17:24,2025-01-12 12:17:24
rev_0000689,ord_0000689,2,In official,Edge information yes break lose. Statement pretty politics really.,2025-07-22 14:04:22,2025-07-23 12:04:22
rev_0000692,ord_0000692,5,Staff mouth million,Arm thought safe begin claim us.,2025-11-10 11:39:26,2025-11-11 06:39:26
rev_0000695,ord_0000695,4,Because throw,Lawyer school its sense mother experience cell.,2025-04-01 05:17:40,2025-04-01 20:17:40
rev_0000699,ord_0000699,3,Bed citizen great,Upon analysis without everything.,2025-04-04 06:00:32,2025-04-05 03:00:32
rev_0000705,ord_0000705,5,Hand Mrs,Finally thousand break building human member.,2025-07-31 05:15:57,2025-08-01 05:15:57
rev_0000709,ord_0000709,4,Hope way may,Success fly fill great home little. Name material late picture person total mean.,2025-08-22 08:15:45,2025-08-23 06:15:45
rev_0000714,ord_0000714,4,Billion,Scene ten specific language avoid total member two. Box building property represent start around rock.,2025-05-13 08:27:21,2025-05-13 18:27:21
rev_0000715,ord_0000715,3,Song appear,Economic step share suffer.,2025-10-14 01:21:38,2025-10-14 07:21:38
rev_0000716,ord_0000716,1,Stop forget,Newspaper husband forget thought water. Goal half head hospital we artist everyone wall.,2025-04-22 07:53:30,2025-04-23 01:53:30
rev_0000719,ord_0000719,5,Rate social,Specific of question within me.,2025-05-21 06:47:24,2025-05-21 10:47:24
rev_0000725,ord_0000725,1,As price phone,Address role store including there community.,2025-06-05 10:53:45,2025-06-06 09:53:45
rev_0000726,ord_0000726,1,Size,Edge red always half. Thing couple bag institution candidate all.,2025-08-28 22:38:47,2025-08-29 09:38:47
rev_0000727,ord_0000727,1,Four find and,Smile benefit various size say key police. Bring admit simple institution.,2025-02-18 21:21:06,2025-02-19 11:21:06
rev_0000731,ord_0000731,3,Off chance,Then question after identify their ask quickly.,2025-05-07 19:27:49,2025-05-08 02:27:49
rev_0000734,ord_0000734,2,Increase seek,Consumer night group prevent.,2025-09-09 12:45:29,2025-09-10 02:45:29
rev_0000737,ord_0000737,4,During particularly could,Whatever mention it across ago gun suddenly.,2025-07-30 06:21:44,2025-07-30 12:21:44
rev_0000741,ord_0000741,4,Social send,Actually man herself hard. Win system however occur reduce professional.,2025-11-20 01:11:24,2025-11-20 18:11:24
rev_0000744,ord_0000744,3,Teacher summer,Hear involve price a although process.,2025-06-30 15:51:05,2025-07-01 06:51:05
rev_0000745,ord_0000745,5,How car learn,Project believe year way including little me degree.,2025-09-16 03:14:55,2025-09-16 19:14:55
rev_0000747,ord_0000747,3,Night appear,Anyone American year senior whole. Standard data off month agreement.,2025-02-08 07:21:54,2025-02-08 19:21:54
rev_0000749,ord_0000749,4,Much phone,Beautiful in huge least.,2025-08-15 04:20:18,2025-08-15 21:20:18
rev_0000754,ord_0000754,5,People along,Star one information hit question.,2025-09-23 22:35:54,2025-09-24 21:35:54
rev_0000755,ord_0000755,1,Consider cell ok,Add cut lead improve sing.,2025-12-05 14:44:03,2025-12-05 18:44:03
rev_0000759,ord_0000759,5,Financial magazine every,Describe scene from manager amount. Sound black Congress over charge field.,2025-07-22 03:06:46,2025-07-22 15:06:46
rev_0000763,ord_0000763,4,Wide hair,To actually ready imagine.,2025-10-19 11:23:09,2025-10-19 17:23:09
rev_0000769,ord_0000769,2,Each outside once,Relate war cultural find happy become past crime.,2025-03-22 11:43:55,2025-03-22 21:43:55
rev_0000772,ord_0000772,4,Air field,New management beat maintain pull.,2025-01-29 12:29:15,2025-01-30 07:29:15
rev_0000773,ord_0000773,5,Sense score no,Activity student energy party respond always serve. Site close cell always.,2025-08-25 16:03:13,2025-08-26 04:03:13
rev_0000777,ord_0000777,4,Floor firm boy,Need still candidate production.,2025-09-28 10:53:10,2025-09-29 05:53:10
rev_0000783,ord_0000783,1,Make,Soldier range say school itself commercial.,2025-04-03 16:16:19,2025-04-03 18:16:19
rev_0000785,ord_0000785,1,Find finally Congress democratic,College agreement full structure election.,2025-01-23 11:30:01,2025-01-23 21:30:01
rev_0000789,ord_0000789,5,Method him,Door seat crime actually get rather quite.,2025-09-16 17:13:42,2025-09-17 13:13:42
rev_0000790,ord_0000790,4,Sometimes,Machine race country door mission. Door board common technology that loss.,2025-11-22 01:50:40,2025-11-22 06:50:40
rev_0000793,ord_0000793,4,Whom,Tree goal project possible also important evening.,2025-03-20 04:48:51,2025-03-21 02:48:51
rev_0000796,ord_0000796,5,Task,National spend course old per. Difficult painting drop peace consumer down be.,2025-04-11 19:10:43,2025-04-12 11:10:43
rev_0000797,ord_0000797,4,Base by treatment,Impact recently yes dark determine.,2025-10-03 19:00:56,2025-10-04 17:00:56
rev_0000798,ord_0000798,5,Its each return,Toward majority prepare discuss.,2025-11-03 00:45:26,2025-11-03 07:45:26
rev_0000799,ord_0000799,4,Son population avoid,Bank energy cell.,2025-03-02 07:58:11,2025-03-02 11:58:11
rev_0000800,ord_0000800,3,Key future,Front human few source until.,2025-02-11 21:47:47,2025-02-12 00:47:47
rev_0000803,ord_0000803,4,Other itself,Cover staff usually economy every owner church line.,2025-02-24 07:18:42,2025-02-25 05:18:42
rev_0000804,ord_0000804,4,Cause whether,Kitchen eye try chance.,2026-01-10 03:41:42,2026-01-11 01:41:42
rev_0000808,ord_0000808,1,Wind boy position,Leg this ago people.,2025-12-12 17:57:30,2025-12-13 14:57:30
rev_0000811,ord_0000811,5,Staff letter,Since yes agency assume. Cover any yourself nature two everybody.,2025-11-20 08:55:22,2025-11-20 12:55:22
rev_0000815,ord_0000815,5,Democrat or,Build participant soon movement try lose strategy. Throw bag no on.,2025-12-01 08:29:01,2025-12-01 22:29:01
rev_0000818,ord_0000818,4,Keep open bit fish,Want way investment recent maybe along player.,2025-11-08 02:16:39,2025-11-09 02:16:39
rev_0000820,ord_0000820,5,Congress attention economic,Suggest teach cut debate begin consider such down. Should assume bank star without boy society.,2025-07-11 20:38:47,2025-07-12 07:38:47
rev_0000826,ord_0000826,2,Company service,He order already skill recent. Understand popular thank source American.,2025-10-10 19:56:45,2025-10-11 09:56:45
rev_0000832,ord_0000832,5,Live time recent political,Office water property put but avoid who half.,2025-03-05 17:55:01,2025-03-06 16:55:01
rev_0000834,ord_0000834,5,Move attack fund,Them seat way past individual parent policy grow. Dark treatment possible.,2025-06-08 04:37:08,2025-06-08 06:37:08
rev_0000835,ord_0000835,3,Design outside,Natural can low which.,2025-03-12 12:49:06,2025-03-13 07:49:06
rev_0000837,ord_0000837,5,Show store story,Learn charge line none just road which street.,2025-07-26 15:24:10,2025-07-27 00:24:10
rev_0000838,ord_0000838,4,Wrong of professional,Ten up these him worker machine.,2025-09-06 00:25:22,2025-09-06 09:25:22
rev_0000840,ord_0000840,1,Begin summer,No camera without history determine charge sell.,2025-03-11 21:07:37,2025-03-12 21:07:37
rev_0000841,ord_0000841,5,Whatever three window,So data his manage sell score century.,2025-03-05 23:41:44,2025-03-06 02:41:44
rev_0000848,ord_0000848,2,Blood wish into,Value shoulder president majority house risk me. Force build for economy woman because special.,2025-12-10 15:02:25,2025-12-10 22:02:25
rev_0000850,ord_0000850,4,Happy understand,According site professional media.,2025-05-18 04:49:29,2025-05-18 19:49:29
rev_0000852,ord_0000852,1,Only box be,Science reveal admit yourself between relationship view voice. Investment degree leader whatever imagine me often.,2025-08-02 03:26:53,2025-08-03 01:26:53
rev_0000855,ord_0000855,1,Short memory old,Fall thousand candidate of prepare I.,2025-10-16 04:41:49,2025-10-16 20:41:49
rev_0000858,ord_0000858,4,Leader staff necessary,Education others eat person.,2026-01-03 15:36:41,2026-01-03 17:36:41
rev_0000859,ord_0000859,2,Future never,Resource international production local get. Job nor finally maybe what eat take seven.,2025-12-08 19:33:10,2025-12-09 07:33:10
rev_0000860,ord_0000860,4,Grow his alone,Matter almost card when reach front mean writer. Model myself care city draw.,2025-09-07 18:43:26,2025-09-08 09:43:26
rev_0000861,ord_0000861,5,Both reality interest,Woman rise information responsibility organization community.,2025-08-03 05:46:39,2025-08-03 12:46:39
rev_0000865,ord_0000865,2,Daughter item,Future fly policy interest social until. Mind nothing sell son tonight.,2025-03-17 22:59:45,2025-03-18 16:59:45
rev_0000872,ord_0000872,5,Knowledge level,Development address lead yeah maybe professor. Guy avoid traditional alone leader.,2025-04-29 02:34:35,2025-04-30 02:34:35
rev_0000874,ord_0000874,5,Standard debate herself will,Weight race build coach hope knowledge.,2025-04-22 00:32:09,2025-04-22 11:32:09
rev_0000875,ord_0000875,4,Ready than machine make,Set life American leave body people. Successful leave vote from main church key.,2025-11-18 11:38:44,2025-11-18 19:38:44
rev_0000876,ord_0000876,4,Rule worry notice,Analysis suggest road south do another eight resource.,2025-02-22 04:36:42,2025-02-22 21:36:42
rev_0000878,ord_0000878,5,Of least bag,After myself between either nothing.,2025-04-17 14:26:53,2025-04-18 13:26:53
rev_0000882,ord_0000882,4,Thing,Door anyone heavy fall build account others.,2025-12-26 06:42:16,2025-12-26 11:42:16
rev_0000883,ord_0000883,1,Meeting successful,Free although always recently entire.,2025-10-28 21:18:17,2025-10-29 18:18:17
rev_0000886,ord_0000886,5,But dinner small,Manage like brother politics probably turn. News hear poor star product.,2025-10-04 22:59:07,2025-10-05 10:59:07
rev_0000890,ord_0000890,3,Popular may note,Every fine region hot surface. Relationship laugh adult off them avoid.,2025-10-23 16:15:44,2025-10-24 11:15:44
rev_0000893,ord_0000893,2,Close necessary begin hotel,Evidence entire lawyer month class set hand.,2025-09-13 06:58:30,2025-09-13 09:58:30
rev_0000895,ord_0000895,4,Usually movement,Upon mean usually model of recognize.,2025-04-20 01:57:35,2025-04-20 10:57:35
rev_0000898,ord_0000898,5,Cup case,Tree professional central personal single. Part civil source such according citizen poor.,2025-04-11 08:13:44,2025-04-11 22:13:44
rev_0000901,ord_0000901,4,Listen dinner or,Former dark their computer local personal. My where tax none.,2025-05-18 00:22:04,2025-05-18 20:22:04
rev_0000902,ord_0000902,3,Mouth ago,New whatever kid year church. Response consumer drug billion drive.,2025-12-17 04:12:57,2025-12-17 07:12:57
rev_0000910,ord_0000910,5,Artist someone light order,Film side career significant director benefit fire.,2025-01-22 15:25:22,2025-01-22 18:25:22
rev_0000912,ord_0000912,4,Capital best,Someone character he effect remain when parent.,2025-11-03 03:02:02,2025-11-03 22:02:02
rev_0000915,ord_0000915,2,Charge a,Simply history cut continue as space realize modern. Eat prevent bag business wind.,2025-05-29 21:53:45,2025-05-30 17:53:45
rev_0000917,ord_0000917,4,Get front,Hope form center economic bank serve prove care.,2025-08-05 22:46:39,2025-08-06 18:46:39
rev_0000922,ord_0000922,4,Audience quite young,East decade begin yet management. Owner this respond green people.,2025-12-21 03:13:49,2025-12-21 07:13:49
rev_0000925,ord_0000925,4,Article TV,Media paper voice effect usually small. May number including suffer although dark.,2025-04-24 21:49:53,2025-04-25 00:49:53
rev_0000929,ord_0000929,5,How party,Right score animal meeting garden here.,2025-04-18 19:34:18,2025-04-19 11:34:18
rev_0000931,ord_0000931,5,Vote forward,Use front build table player sport training. Hour next seek.,2025-04-19 10:47:47,2025-04-20 06:47:47
rev_0000938,ord_0000938,5,Food west,Cause floor my skin first sister much.,2025-09-20 18:03:34,2025-09-21 11:03:34
rev_0000939,ord_0000939,3,Eight large once,Push general your each.,2025-01-20 19:51:45,2025-01-20 22:51:45
rev_0000941,ord_0000941,5,Rule base along expect,Attack church attorney budget me job learn. Pay entire its.,2025-09-13 05:11:59,2025-09-14 04:11:59
rev_0000944,ord_0000944,4,Floor property partner,Player require arrive machine reduce statement.,2025-09-18 20:36:11,2025-09-19 03:36:11
rev_0000945,ord_0000945,1,Far image,Look manager probably.,2025-03-26 09:22:31,2025-03-26 21:22:31
rev_0000946,ord_0000946,1,Board plan,Even politics last color good arrive indeed.,2025-02-18 15:55:00,2025-02-19 03:55:00
rev_0000947,ord_0000947,4,This half world,Strong live tend lead might. Him reduce remember cut general friend could recognize.,2025-01-13 07:03:35,2025-01-13 20:03:35
rev_0000949,ord_0000949,2,Past relate professor,Cultural development physical conference since. Spend agreement soldier.,2025-12-11 15:06:04,2025-12-12 11:06:04
rev_0000958,ord_0000958,3,Most,Well continue apply work like situation we again.,2025-07-28 12:00:44,2025-07-28 19:00:44
rev_0000961,ord_0000961,1,Under,Two large wear system kitchen.,2025-04-23 15:31:13,2025-04-24 11:31:13
rev_0000964,ord_0000964,4,Few employee bed,Admit coach development computer why wife money half.,2025-03-06 23:08:49,2025-03-07 17:08:49
rev_0000966,ord_0000966,1,Fish fact page,Newspaper almost chair no. Enter red example anything seat.,2025-11-14 06:12:58,2025-11-14 10:12:58
rev_0000969,ord_0000969,5,Color instead,Before space green. Purpose economy over issue there drop.,2025-03-29 12:05:09,2025-03-30 09:05:09
rev_0000970,ord_0000970,2,Choose anyone,Threat cold you lead beyond practice trip school.,2025-01-18 09:29:28,2025-01-18 20:29:28
rev_0000972,ord_0000972,3,Development understand,Lawyer debate pressure seek to hot. Maintain person along better great where put.,2025-05-12 20:29:55,2025-05-13 17:29:55
rev_0000973,ord_0000973,4,Friend dinner,Window summer matter conference.,2025-02-26 20:40:29,2025-02-27 10:40:29
rev_0000976,ord_0000976,1,Long despite author,Despite staff really once goal country. Represent agreement raise theory so soldier.,2025-04-18 11:11:22,2025-04-19 00:11:22
rev_0000979,ord_0000979,4,Magazine hit analysis,Understand about the road.,2025-05-28 05:38:25,2025-05-28 21:38:25
rev_0000984,ord_0000984,3,Movement nature system,Pull system piece husband business senior.,2025-09-17 10:00:15,2025-09-17 13:00:15
rev_0000986,ord_0000986,3,Question help,Trouble more source know between painting. While less they hard those.,2025-06-14 14:37:46,2025-06-15 06:37:46
rev_0000988,ord_0000988,5,Here physical sit,Impact city boy local around like.,2025-02-09 14:42:10,2025-02-10 06:42:10
rev_0000989,ord_0000989,4,Might teach,Traditional social no conference shoulder far oil. Issue front use citizen kid.,2025-10-17 22:52:37,2025-10-18 16:52:37
rev_0000993,ord_0000993,2,Population remember,Not ready tend standard sense. Newspaper according affect.,2025-10-12 01:32:07,2025-10-12 23:32:07
rev_0000998,ord_0000998,4,Bag character,Beat I sure style along civil. American apply whatever full environment certainly pressure.,2025-09-19 20:20:17,2025-09-20 08:20:17
